,STT,MST,Tên người nộp thuế,Cơ quan thuế,Số CMT/Thẻ căn cước,Ngày thay đổi thông tin gần nhất,Ghi chú,orig_query
0,1,2901867144,CÔNG TY TNHH XÂY DỰNG 574,Chi cục Thuế khu vực Bắc Nghệ II,181428892,16/01/2020,NNT đang hoạt động (đã được cấp GCN ĐKT),2901867144
0,1,0309286266,CÔNG TY TNHH XUẤT NHẬP KHẨU THƯƠNG MẠI DỊCH VỤ SẢN XUẤT ĐẠI THÀNH,Chi cục thuế Quận Bình Tân,142232944,24/08/2019,NNT không hoạt động tại địa chỉ đã đăng ký,0309286266
0,1,0800388751,CÔNG TY TNHH THƯƠNG MẠI PHƯƠNG NAM,Chi cục Thuế khu vực Kim Môn,030070023405,27/10/2022,NNT đang hoạt động (đã được cấp GCN ĐKT),0800388751
0,1,1401967068,CÔNG TY TNHH MTV CẨM HƯNG ĐỒNG THÁP,Chi cục Thuế khu vực 6,341219130,16/01/2015,NNT đang hoạt động (đã được cấp GCN ĐKT),1401967068
0,1,3702927753,CÔNG TY TNHH SẢN XUẤT LONG VIỆT- HÀN,Chi cục Thuế TP Thuận An,038087014190,05/11/2020,NNT đang hoạt động (đã được cấp GCN ĐKT),3702927753
0,1,4300869574,CÔNG TY TNHH TÔN THÉP HOÀNG TÍN,Chi cục Thuế Huyện Bình Sơn,212835527,16/05/2023,NNT đang hoạt động (đã được cấp GCN ĐKT),4300869574
0,1,0310226744,CÔNG TY TNHH LX PANTOS VIỆT NAM,Chi cục Thuế Quận Tân Bình,M13103131,08/03/2024,NNT đang hoạt động (đã được cấp GCN ĐKT),0310226744
1,2,0310226744-001,CHI NHÁNH CÔNG TY TNHH LÔ-GI-STÍC PANTOS VIỆT NAM TẠI THÀNH PHỐ HÀ NỘI,Chi cục Thuế Quận Đống đa,M66803955,23/08/2019,NNT không hoạt động tại địa chỉ đã đăng ký,0310226744
2,3,0310226744-002,VĂN PHÒNG ĐẠI DIỆN - CÔNG TY TNHH LX PANTOS VIỆT NAM,Chi cục Thuế Quận Nam Từ Liêm,M13103131,12/10/2022,NNT đang hoạt động (đã được cấp GCN ĐKT),0310226744
3,4,0310226744-003,CHI NHÁNH CÔNG TY TNHH LX PANTOS VIỆT NAM TẠI HẢI PHÒNG,Cục Thuế TP Hải Phòng,M13103131,29/12/2023,NNT đang hoạt động (đã được cấp GCN ĐKT),0310226744
4,5,0310226744-004,CÔNG TY TNHH LÔ-GI-STÍC PANTOS -VĂN PHÒNG NỘI BÀI,Chi cục Thuế khu vực Sóc Sơn - Mê Linh,M29190010,21/02/2020,NNT đang hoạt động (đã được cấp GCN ĐKT),0310226744
0,1,0302286281-029,CHI NHÁNH CÔNG TY CỔ PHẦN THƯƠNG MẠI NGUYỄN KIM - TRUNG TÂM MUA SẮM NGUYỄN KIM SA ĐÉC,Chi cục Thuế khu vực 2,093079000001,15/10/2020,NNT ngừng hoạt động và đã đóng MST,0302286281-029
0,1,0107649742,CÔNG TY CP KPT VIỆT NAM,Cục Thuế Thành phố Hà Nội,001076000645,05/12/2023,NNT đang hoạt động (đã được cấp GCN ĐKT),0107649742
0,1,4101511382,CÔNG TY TNHH SẦM NANA ACADEMY,Chi cục Thuế Thành phố Quy Nhơn,215036951,17/06/2022,NNT ngừng hoạt động nhưng chưa hoàn thành thủ tục đóng MST,4101511382
0,1,0317104167,CÔNG TY TNHH XUẤT NHẬP KHẨU LƯƠNG THỰC PHÚC KHANG,Chi cục Thuế khu vực Quận 7 - huyện Nhà Bè,089200001801,23/02/2024,NNT đang hoạt động (đã được cấp GCN ĐKT),0317104167
0,1,0304425445,NGÔ THỊ THANH HÀ,Chi cục thuế Quận Bình Tân,310844271,13/11/2011,NNT ngừng hoạt động nhưng chưa hoàn thành thủ tục đóng MST,0304425445
0,1,0101336694-001,CHI NHÁNH CÔNG TY TRÁCH NHIỆM HỮU HẠN MỘT THÀNH VIÊN BẠCH ĐẰNG TẠI THÀNH PHỐ HỒ CHÍ MINH,Cục Thuế Thành phố Hồ Chí Minh,079071001366,10/07/2021,NNT đang hoạt động (đã được cấp GCN ĐKT),0101336694-001
0,1,0314547594,CÔNG TY TNHH BB GROUP INTERNATIONAL,Chi cục Thuế Quận Tân Bình,025451039,08/06/2023,NNT ngừng hoạt động nhưng chưa hoàn thành thủ tục đóng MST,0314547594
0,1,6101292984,HỢP TÁC XÃ ĐỨC DUNG,Chi cục Thuế khu vực số 02,062079000736,25/07/2023,NNT đang hoạt động (đã được cấp GCN ĐKT),6101292984
0,1,3500966037,CÔNG TY TNHH XÂY DỰNG THƯƠNG MẠI VÀ DỊCH VỤ PHÁT TRIỂN MÔI TRƯỜNG XANH,Chi cục Thuế khu vực Xuyên Mộc - Châu Đức,261000254,25/08/2019,NNT không hoạt động tại địa chỉ đã đăng ký,3500966037
0,1,1300639448,CÔNG TY TRÁCH NHIỆM HỮU HẠN DỊCH VỤ THƯƠNG MẠI XUẤT NHẬP KHẨU KHANG THỊNH,Cục Thuế Tỉnh Bến Tre,321006936,13/09/2023,NNT đang hoạt động (đã được cấp GCN ĐKT),1300639448
1,2,1300639448-001,CHI NHÁNH CÔNG TY TRÁCH NHIỆM HỮU HẠN DỊCH VỤ THƯƠNG MẠI XUẤT NHẬP KHẨU KHANG THỊNH - CHI NHÁNH 1,Cục Thuế Tỉnh Bến Tre,321006936,11/12/2019,NNT ngừng hoạt động và đã đóng MST,1300639448
2,3,1300639448-002,CHI NHÁNH CÔNG TY TRÁCH NHIỆM HỮU HẠN DỊCH VỤ THƯƠNG MẠI XUẤT NHẬP KHẨU KHANG THỊNH - CHI NHÁNH 2,Cục Thuế Tỉnh Bến Tre,321006936,15/09/2017,NNT đang hoạt động (đã được cấp GCN ĐKT),1300639448
3,4,1300639448-003,CHI NHÁNH CÔNG TY TRÁCH NHIỆM HỮU HẠN DỊCH VỤ THƯƠNG MẠI XUẤT NHẬP KHẨU KHANG THỊNH - CHI NHÁNH 3,Cục Thuế Tỉnh Bến Tre,320217001,30/05/2019,NNT ngừng hoạt động và đã đóng MST,1300639448
4,5,1300639448-004,CHI NHÁNH 4 - CÔNG TY TRÁCH NHIỆM HỮU HẠN DỊCH VỤ THƯƠNG MẠI XUẤT NHẬP KHẨU KHANG THỊNH,Cục Thuế Tỉnh Bến Tre,083074014819,23/04/2024,NNT đang hoạt động (đã được cấp GCN ĐKT),1300639448
0,1,3301495802,CÔNG TY CỔ PHẦN THƯƠNG MẠI XÂY DỰNG PHÒNG CHÁY CHỮA CHÁY HUẾ,Chi cục Thuế khu vực Hương Phú,001094023967,05/06/2024,NNT đang hoạt động (đã được cấp GCN ĐKT),3301495802
1,2,3301495802-001,VĂN PHÒNG ĐẠI DIỆN TẠI HÀ NỘI - CÔNG TY CỔ PHẦN THƯƠNG MẠI XÂY DỰNG PHÒNG CHÁY CHỮA CHÁY HUẾ,Chi cục Thuế Quận Bắc Từ Liêm,046189008353,06/01/2023,NNT đang hoạt động (đã được cấp GCN ĐKT),3301495802
0,1,0309532377,CÔNG TY CỔ PHẦN ĐẦU TƯ XÂY DỰNG PHƯỚC LONG,Chi cục Thuế thành phố Thủ Đức,172681966,21/06/2022,NNT đang hoạt động (đã được cấp GCN ĐKT),0309532377
0,1,0108242734,CÔNG TY TNHH THƯƠNG MẠI VÀ DỊCH VỤ KỸ THUẬT SA LINH,Chi cục thuế Quận Hoàng Mai,012987314,17/04/2019,NNT không hoạt động tại địa chỉ đã đăng ký,0108242734
0,1,0315539324,CÔNG TY TNHH LYORI,Chi cục Thuế Quận Tân Bình,191653516,09/11/2023,NNT ngừng hoạt động nhưng chưa hoàn thành thủ tục đóng MST,0315539324
0,1,0312226154,CÔNG TY TNHH I3 SOLUTION VIỆT NAM,Chi cục Thuế Quận 8,025523577,03/11/2017,NNT ngừng hoạt động và đã đóng MST,0312226154
0,1,1601062316,CÔNG TY TNHH MỘT THÀNH VIÊN THANH PHƯƠNG,Chi cục Thuế khu vực Tịnh Biên - Tri Tôn,351395067,19/11/2021,NNT ngừng hoạt động nhưng chưa hoàn thành thủ tục đóng MST,1601062316
1,2,1601062316-001,CHI NHÁNH 1 CTY TNHH MỘT TVIÊN THANH PHƯƠNG,Chi cục Thuế khu vực Tịnh Biên - Tri Tôn,351395067,19/11/2021,NNT ngừng hoạt động nhưng chưa hoàn thành thủ tục đóng MST,1601062316
2,3,1601062316-002,CHI NHÁNH 2 CÔNG TY TNHH MỘT THÀNH VIÊN THANH PHƯƠNG.,Chi cục Thuế khu vực Tịnh Biên - Tri Tôn,351395067,19/11/2021,NNT ngừng hoạt động nhưng chưa hoàn thành thủ tục đóng MST,1601062316
3,4,1601062316-003,CHI NHÁNH 3 CTY TNHH MỘT TVIÊN THANH PHƯƠNG,Chi cục Thuế khu vực Tịnh Biên - Tri Tôn,351395067,19/11/2021,NNT ngừng hoạt động nhưng chưa hoàn thành thủ tục đóng MST,1601062316
4,5,1601062316-004,CHI NHÁNH 4 CTY TNHH MỘT TVIÊN THANH PHƯƠNG,Chi cục Thuế khu vực Tịnh Biên - Tri Tôn,351395067,19/11/2021,NNT ngừng hoạt động nhưng chưa hoàn thành thủ tục đóng MST,1601062316
0,1,0313543188,CÔNG TY TNHH MAPLE LEAF VIETNAM,Chi cục Thuế Quận 1,066185004397,17/06/2024,NNT đang hoạt động (đã được cấp GCN ĐKT),0313543188
1,2,0313543188-001,CHI NHÁNH CÔNG TY TNHH MAPLE LEAF VIETNAM,Chi cục Thuế Quận 1,225252136,28/10/2019,NNT ngừng hoạt động và đã đóng MST,0313543188
0,1,6001714583,CÔNG TY TNHH CÔNG NGHỆ SINH HỌC NHẬT MINH,Cục Thuế Tỉnh Đắk Lắk,040087003333,15/07/2022,NNT đang hoạt động (đã được cấp GCN ĐKT),6001714583
0,1,0314746920,CÔNG TY TNHH ĐẦU TƯ DỊCH VỤ KỸ THUẬT AN PHÁT,Chi cục Thuế Quận 11,024202014,05/11/2018,NNT ngừng hoạt động nhưng chưa hoàn thành thủ tục đóng MST,0314746920
0,1,0312413757,CÔNG TY TNHH THƯƠNG MẠI DỊCH VỤ HỮU TRÍ,Chi cục Thuế khu vực Quận 7 - huyện Nhà Bè,264305755,05/09/2019,NNT không hoạt động tại địa chỉ đã đăng ký,0312413757
0,1,1200651924,CÔNG TY TRÁCH NHIỆM HỮU HẠN MIOCEN,Chi cục Thuế khu vực Châu Thành - Tân Phước,026058268,28/02/2022,NNT đang hoạt động (đã được cấp GCN ĐKT),1200651924
1,2,1200651924-001,CÔNG TY CỔ PHẦN MIOCEN - CHI NHÁNH THÀNH PHỐ HỒ CHÍ MINH,Chi cục thuế Quận Bình Tân,310852038,08/01/2020,NNT không hoạt động tại địa chỉ đã đăng ký,1200651924
2,3,1200651924-002,CHI NHÁNH CÔNG TY CỔ PHẦN MIOCEN TẠI BẾN TRE,Cục Thuế Tỉnh Bến Tre,320047968,06/01/2017,NNT ngừng hoạt động nhưng chưa hoàn thành thủ tục đóng MST,1200651924
3,4,1200651924-003,VĂN PHÒNG ĐẠI DIỆN CÔNG TY TRÁCH NHIỆM HỮU HẠN MIOCEN,Chi cục Thuế Quận 1,024428621,18/02/2019,NNT đang hoạt động (đã được cấp GCN ĐKT),1200651924
4,5,1200651924-004,VĂN PHÒNG ĐẠI DIỆN CÔNG TY TRÁCH NHIỆM HỮU HẠN MIOCEN TẠI THÀNH PHỐ HỒ CHÍ MINH,Chi cục Thuế thành phố Thủ Đức,026058268,16/01/2022,NNT đang hoạt động (đã được cấp GCN ĐKT),1200651924
5,6,1200651924-005,ĐỊA ĐIỂM KINH DOANH - CÔNG TY TRÁCH NHIỆM HỮU HẠN MIOCEN,Chi cục Thuế thành phố Thủ Đức,026058268,16/01/2022,NNT đang hoạt động (đã được cấp GCN ĐKT),1200651924
0,1,0311070465,CÔNG TY TNHH THƯƠNG MẠI DỊCH VỤ XUẤT NHẬP KHẨU MOSAL VIỆT NAM,Chi cục thuế Quận Tân phú,040083024276,29/03/2023,NNT đang hoạt động (đã được cấp GCN ĐKT),0311070465
0,1,3401160711,CÔNG TY CỔ PHẦN NĂNG LƯỢNG BÌNH TÂN,Cục Thuế Tỉnh Bình Thuận,230879856,24/05/2022,NNT không hoạt động tại địa chỉ đã đăng ký,3401160711
0,1,0310807562,CÔNG TY TNHH THƯƠNG MẠI DỊCH VỤ QUỐC XANH,Chi cục Thuế Quận Gò Vấp,271259953,08/10/2019,NNT không hoạt động tại địa chỉ đã đăng ký,0310807562
0,1,3502391426,CÔNG TY TNHH TMDV HƯƠNG THẢO,Chi cục Thuế Thị Xã Phú Mỹ,273191084,27/03/2019,NNT đang hoạt động (đã được cấp GCN ĐKT),3502391426
0,1,3603266220,CÔNG TY TNHH ĐIỆN CƠ VĨNH PHÚ,Chi cục Thuế khu vực Trảng Bom - Thống Nhất,272182975,14/11/2016,NNT ngừng hoạt động nhưng chưa hoàn thành thủ tục đóng MST,3603266220
0,1,0312719791,CÔNG TY TNHH ĐÔ TRỌNG LA,Chi cục Thuế Quận 3,163892409,04/07/2022,NNT không hoạt động tại địa chỉ đã đăng ký,0312719791
0,1,4001212572,CÔNG TY TNHH THƯƠNG MẠI VÀ XÂY LẮP PHÚC LOAN,Chi cục Thuế khu vực Tam Kỳ - Phú Ninh,205455505,07/01/2024,NNT tạm nghỉ kinh doanh có thời hạn,4001212572
0,1,0303624215,CÔNG TY TNHH XÂY DỰNG-THƯƠNG MẠI-DỊCH VỤ DIỆP BẢO MINH,Chi cục Thuế Quận Bình Thạnh,072086004517,25/09/2023,NNT đang hoạt động (đã được cấp GCN ĐKT),0303624215
0,1,0316523616,CÔNG TY TNHH ERYSON AESTHETICS VIETNAM,Chi cục Thuế Huyện Bình Chánh,035195007796,23/04/2024,NNT đang hoạt động (đã được cấp GCN ĐKT),0316523616
0,1,3801082218,CÔNG TY TNHH MỘT THÀNH VIÊN XÂY DỰNG VẬN TẢI NGỌC QUANG,Chi cục Thuế khu vực Bình Long - Hớn Quản,070066000163,03/03/2022,NNT đang hoạt động (đã được cấp GCN ĐKT),3801082218
0,1,0102193544,CÔNG TY CỔ PHẦN THƯƠNG MẠI VÀ DỊCH VỤ IN PHÚC THẮNG,Chi cục Thuế Quận Thanh Xuân,035191000099,01/06/2021,NNT đang hoạt động (đã được cấp GCN ĐKT),0102193544
0,1,1801658674,CÔNG TY TNHH NÔNG NGHIỆP HIẾU HỒNG,Chi cục Thuế khu vực Thốt Nốt - Vĩnh Thạnh,361838142,13/08/2024,NNT ngừng hoạt động nhưng chưa hoàn thành thủ tục đóng MST,1801658674
0,1,3702591856,CÔNG TY TNHH TM DV XNK LIDA,Chi cục Thuế TP Thuận An,301388769,21/05/2018,NNT ngừng hoạt động nhưng chưa hoàn thành thủ tục đóng MST,3702591856
0,1,0100104468-006,CHI NHÁNH TẠI TP HỒ CHÍ MINH TỔNG CÔNG TY VẬT TƯ NÔNG NGHIỆP - CÔNG TY CỔ PHẦN,Cục Thuế Thành phố Hồ Chí Minh,020677035,24/01/2019,NNT đang hoạt động (đã được cấp GCN ĐKT),0100104468-006
0,1,0312576462,CÔNG TY TNHH XUẤT NHẬP KHẨU QUÝ NGUYỄN,Chi cục thuế Quận Tân phú,023697474,26/01/2024,NNT không hoạt động tại địa chỉ đã đăng ký,0312576462
0,1,0317622962-002,CHI NHÁNH CÔNG TY CỔ PHẦN JOTON CẦN THƠ,Chi cục Thuế khu vực Bình Thủy - Ô Môn,082185009715,05/04/2024,NNT đang hoạt động (đã được cấp GCN ĐKT),0317622962-002
0,1,0315967961,CÔNG TY TNHH DỊCH VỤ AN KIM,Chi cục Thuế Quận Tân Bình,048081001489,23/08/2023,NNT đang hoạt động (đã được cấp GCN ĐKT),0315967961
1,2,0315967961-001,CHI NHÁNH CÔNG TY TNHH DỊCH VỤ AN KIM,Chi cục Thuế Quận Tân Bình,048081001489,22/08/2023,NNT đang hoạt động (đã được cấp GCN ĐKT),0315967961
0,1,6101188408,CÔNG TY TNHH MỘT THÀNH VIÊN THƯƠNG MẠI DỊCH VỤ VẬN TẢI TRƯỜNG NGUYÊN,Chi cục Thuế Huyện Ngọc Hồi,B4016231,03/06/2020,NNT ngừng hoạt động nhưng chưa hoàn thành thủ tục đóng MST,6101188408
0,1,3801229090,CÔNG TY TNHH MTV AE SOLAR,Chi cục Thuế Huyện Bù Đăng,070191007352,26/06/2024,NNT đang hoạt động (đã được cấp GCN ĐKT),3801229090
0,1,0314809183,CÔNG TY TNHH SẢN XUẤT THƯƠNG MẠI DỊCH VỤ PHÚ HOÀNG NAM,Chi cục Thuế Quận Gò Vấp,183704228,05/02/2018,NNT đang hoạt động (đã được cấp GCN ĐKT),0314809183
0,1,0104380638,CÔNG TY CỔ PHẦN ĐẦU TƯ THƯƠNG MẠI TOÀN ANH,Chi cục Thuế khu vực Thường Tín - Phú Xuyên,111582789,02/06/2023,NNT đang hoạt động (đã được cấp GCN ĐKT),0104380638
0,1,3200733257,CÔNG TY TRÁCH NHIỆM HỮU HẠN BI MINH,Chi cục Thuế Huyện Hướng Hoá,045068009680,14/10/2022,NNT đang hoạt động (đã được cấp GCN ĐKT),3200733257
0,1,1801689263,CÔNG TY TNHH THỦY SẢN TOÀN THỊNH,Chi cục Thuế Quận Ninh Kiều,092097000228,26/09/2023,NNT đang hoạt động (đã được cấp GCN ĐKT),1801689263
0,1,4201955543,CÔNG TY TNHH DỊCH VỤ VÀ DU LỊCH AY TRAVEL,Chi cục Thuế Thành phố Nha Trang,056190015244,14/06/2024,NNT ngừng hoạt động nhưng chưa hoàn thành thủ tục đóng MST,4201955543
0,1,4201560880,CÔNG TY TNHH PHÚC ĐỨC NINH HÒA,Chi cục Thuế khu vực Bắc Khánh Hòa,220373896,25/01/2022,NNT ngừng hoạt động nhưng chưa hoàn thành thủ tục đóng MST,4201560880
0,1,0305256750,CTY TNHH KIM ĐỊNH VĨNH PHÁT,Chi cục Thuế Quận Phú Nhuận,351035624,13/11/2011,NNT ngừng hoạt động và đã đóng MST,0305256750
0,1,3800418401,CÔNG TY TNHH MỘT THÀNH VIÊN XỬ LÝ MÔI TRƯỜNG VIỆT PHÁP,Chi cục Thuế Huyện Chơn Thành,285328759,29/09/2022,NNT ngừng hoạt động nhưng chưa hoàn thành thủ tục đóng MST,3800418401
1,2,3800418401-001,CHI NHÁNH CÁT TƯỜNG - CÔNG TY TNHH MỘT THÀNH VIÊN XỬ LÝ MÔI TRƯỜNG VIỆT PHÁP,Chi cục Thuế khu vực Châu Thành - Tân Phước,321417696,20/11/2020,NNT ngừng hoạt động và đã đóng MST,3800418401
0,1,0300465937-022,CÔNG TY CỔ PHẦN DU LỊCH VÀ TIẾP THỊ GIAO THÔNG VẬN TẢI VIỆT NAM-VIETRAVEL-CHI NHÁNH AN GIANG,Chi cục thuế Tp Long Xuyên,089074009159,07/09/2023,NNT đang hoạt động (đã được cấp GCN ĐKT),0300465937-022
0,1,0312226644,CÔNG TY TNHH NÔNG SẢN TÂN ĐẠI Á CHÂU,Chi cục Thuế Huyện Củ Chi,B4962481,24/08/2019,NNT không hoạt động tại địa chỉ đã đăng ký,0312226644
1,2,0312226644-001,CHI NHÁNH CÔNG TY TNHH NÔNG SẢN TÂN ĐẠI Á CHÂU,Chi cục Thuế Huyện Củ Chi,B4962481,18/05/2017,NNT ngừng hoạt động nhưng chưa hoàn thành thủ tục đóng MST,0312226644
0,1,0314770352,CÔNG TY TNHH TM DV THÀNH VIỆT,Chi cục Thuế thành phố Thủ Đức,212042947,22/04/2024,NNT ngừng hoạt động nhưng chưa hoàn thành thủ tục đóng MST,0314770352
0,1,0316280811,CÔNG TY TNHH TAKASU,Chi cục Thuế Quận 3,079093004588,01/03/2022,NNT đang hoạt động (đã được cấp GCN ĐKT),0316280811
0,1,4101530018,CÔNG TY TNHH LÂM SẢN PHƯƠNG NAM,Chi cục Thuế khu vực Hoài Nhơn - Hoài Ân - An Lão,211759491,27/12/2023,NNT đang hoạt động (đã được cấp GCN ĐKT),4101530018
0,1,2800806723,CÔNG TY TNHH THƯƠNG MẠI VÀ DU LỊCH QUỐC TẾ T 09,Chi cục Thuế khu vực thành phố Thanh Hóa - Đông Sơn,171603770,25/08/2019,NNT không hoạt động tại địa chỉ đã đăng ký,2800806723
1,2,2800806723-001,CHI NHÁNH CTY TNHH THƯƠNG MẠI VÀ DU LỊCH QUỐC TẾ T-09,Chi cục Thuế khu vực thành phố Thanh Hóa - Đông Sơn,172023459,18/02/2019,NNT ngừng hoạt động nhưng chưa hoàn thành thủ tục đóng MST,2800806723
0,1,0313293234,CÔNG TY TNHH THƯƠNG MẠI DỊCH VỤ ONG VÀNG,Chi cục Thuế Quận Bình Thạnh,025808134,24/08/2019,NNT không hoạt động tại địa chỉ đã đăng ký,0313293234
0,1,0102331378,CÔNG TY LUẬT TNHH LONG HƯNG,Chi cục Thuế Quận Hai Bà Trưng,001076017367,27/03/2024,NNT đang hoạt động (đã được cấp GCN ĐKT),0102331378
0,1,4201734671,CÔNG TY TNHH BINA BEAUTY,Chi cục Thuế Thành phố Nha Trang,190302401,07/01/2024,NNT tạm nghỉ kinh doanh có thời hạn,4201734671
0,1,0101405281-001,CÔNG TY CỔ PHẦN TẬP ĐOÀN NGÔI SAO MỚI - CHI NHÁNH PHÚ QUỐC,Chi cục Thuế thành phố Phú Quốc,027076000065,03/08/2023,NNT ngừng hoạt động nhưng chưa hoàn thành thủ tục đóng MST,0101405281-001
0,1,1600609444,CÔNG TY TNHH HUỆ NGHĨA,Chi cục Thuế khu vực Châu Đốc - Châu Phú,089083022633,04/07/2024,NNT đang hoạt động (đã được cấp GCN ĐKT),1600609444
1,2,1600609444-001,TRẠM ĐIỀU HÀNH HUỆ NGHĨA,Chi cục Thuế Quận 11,025410485,10/10/2022,NNT ngừng hoạt động nhưng chưa hoàn thành thủ tục đóng MST,1600609444
2,3,1600609444-002,CHI NHÁNH CÔNG TY TNHH HUỆ NGHĨA - TRẠM ĐIỀU HÀNH HUỆ NGHĨA,Chi cục Thuế Quận 11,025313713,19/10/2016,NNT ngừng hoạt động và đã đóng MST,1600609444
3,4,1600609444-003,CHI NHÁNH CÔNG TY TNHH HUỆ NGHĨA,Chi cục Thuế Quận 11,025313713,30/12/2016,NNT ngừng hoạt động và đã đóng MST,1600609444
4,5,1600609444-004,VĂN PHÒNG ĐẠI DIỆN CÔNG TY TNHH HUỆ NGHĨA,Chi cục Thuế Quận 11,025410485,11/12/2019,NNT đang hoạt động (đã được cấp GCN ĐKT),1600609444
5,6,1600609444-005,VĂN PHÒNG ĐẠI DIỆN CÔNG TY TNHH HUỆ NGHĨA,Chi cục Thuế khu vực Quận 12 - huyện Hóc Môn,025410487,11/05/2022,NNT đang hoạt động (đã được cấp GCN ĐKT),1600609444
0,1,0310498466,CÔNG TY TNHH MỘT THÀNH VIÊN THƯƠNG MẠI DỊCH VỤ NGỌC PHẠM,Chi cục Thuế Quận Bình Thạnh,285389385,24/08/2019,NNT không hoạt động tại địa chỉ đã đăng ký,0310498466
0,1,0401734449,CÔNG TY TNHH MỘT THÀNH VIÊN THƯƠNG MẠI VÀ DỊCH VỤ BẢO NGUYÊN TRUNG,Chi cục Thuế khu vực Thanh Khê - Liên Chiểu,197153051,25/08/2019,NNT không hoạt động tại địa chỉ đã đăng ký,0401734449
0,1,0312176746,CÔNG TY TNHH THƯƠNG MẠI ĐẦU TƯ PHÁT TRIỂN NGỌC TIẾN,Chi cục Thuế thành phố Thủ Đức,023793600,28/01/2022,NNT không hoạt động tại địa chỉ đã đăng ký,0312176746
0,1,0401835302,CÔNG TY TNHH MTV NAM TRUNG LƯƠNG,Chi cục Thuế Quận Hải Châu,C0154158,02/06/2020,NNT ngừng hoạt động nhưng chưa hoàn thành thủ tục đóng MST,0401835302
0,1,0100107490,CÔNG TY CỔ PHẦN XUẤT NHẬP KHẨU TỔNG HỢP I VIỆT NAM,Cục Thuế Thành phố Hà Nội,027182000054,30/11/2023,NNT đang hoạt động (đã được cấp GCN ĐKT),0100107490
1,2,0100107490-001,CHI NHÁNH CÔNG TY CỔ PHẦN XUẤT NHẬP KHẨU TỔNG HỢP I VIỆT NAM TẠI THÀNH PHỐ HẢI PHÒNG,Cục Thuế TP Hải Phòng,027077004925,06/04/2022,NNT đang hoạt động (đã được cấp GCN ĐKT),0100107490
2,3,0100107490-002,CHI NHÁNH CÔNG TY CỔ PHẦN XNK TỔNG HỢP I VIỆT NAM TẠI ĐÀ NẴNG,Cục Thuế TP Đà Nẵng,,14/04/2018,NNT ngừng hoạt động và đã đóng MST,0100107490
3,4,0100107490-003,CHI NHÁNH CÔNG TY CỔ PHẦN XUẤT NHẬP KHẨU TỔNG HỢP I VIỆT NAM - ( THÀNH PHỐ HÀ NỘI ),Cục Thuế Thành phố Hồ Chí Minh,001077032556,01/08/2023,NNT đang hoạt động (đã được cấp GCN ĐKT),0100107490
4,5,0100107490-004,CHI NHÁNH CÔNG TY CỔ PHẦN XUẤT NHẬP KHẨU TỔNG HỢP I VIỆT NAM - XÍ NGHIỆP MAY XUẤT KHẨU HẢI PHÒNG,Cục Thuế TP Hải Phòng,030946273,19/07/2024,NNT ngừng hoạt động và đã đóng MST,0100107490
5,6,0100107490-005,XÍ NGHIỆP CHẾ BIẾN QUẾ VÀ NÔNG LÂM SẢN XUẤT KHẨU,Cục Thuế Thành phố Hà Nội,,13/07/2023,NNT ngừng hoạt động và đã đóng MST,0100107490
6,7,0100107490-007,C/N CÔNG TY CP XNK TỔNG HỢP 1 VN - XN CHẾ BIẾN NÔNG LÂM SẢN HÀNG THỦ CÔNG MỸ NGHỆ XK,Chi cục Thuế khu vực Thường Tín - Phú Xuyên,010715538,13/06/2017,NNT ngừng hoạt động và đã đóng MST,0100107490
7,8,0100107490-008,VĂN PHÒNG ĐẠI DIỆN CÔNG TY CỔ PHẦN XUẤT NHẬP KHẨU TỔNG HỢP I VIỆT NAM,Chi cục Thuế Huyện Xuân Lộc,024241250,07/05/2018,NNT ngừng hoạt động và đã đóng MST,0100107490
8,9,0100107490-009,CÔNG TY CP XUẤT NHẬP KHẨU TỔNG HỢP I VIỆT NAM-ĐỊA ĐIỂM KINH DOANH NHÀ MÁY CHẾ BIẾN TIÊU VÀ NÔNG SẢN,Chi cục Thuế khu vực Đắk Mil - Đắk Song,025491276,07/12/2021,NNT đang hoạt động (đã được cấp GCN ĐKT),0100107490
0,1,0311985800,CÔNG TY TNHH THỂ THAO VÀ QUÀ TẶNG VIỄN ĐÔNG,Chi cục Thuế Quận Tân Bình,111424847,04/09/2018,NNT ngừng hoạt động nhưng chưa hoàn thành thủ tục đóng MST,0311985800
1,2,0311985800-001,VĂN PHÒNG ĐẠI DIỆN CÔNG TY CỔ PHẦN THỂ THAO VÀ QUÀ TẶNG VIỄN ĐÔNG,Chi cục Thuế Quận Tân Bình,112027376,21/12/2016,NNT ngừng hoạt động nhưng chưa hoàn thành thủ tục đóng MST,0311985800
2,3,0311985800-002,CHI NHÁNH CÔNG TY TNHH THỂ THAO VÀ QUÀ TẶNG VIỄN ĐÔNG - CỬA HÀNG ĐẠI PHÁT SPORT 2,Chi cục Thuế Quận Tân Bình,111424847,21/08/2018,NNT ngừng hoạt động và đã đóng MST,0311985800
3,4,0311985800-003,CHI NHÁNH CÔNG TY TNHH THỂ THAO VÀ QUÀ TẶNG VIỄN ĐÔNG - CỬA HÀNG ĐẠI PHÁT SPORT 1,Chi cục Thuế Quận Tân Bình,111424847,07/03/2017,NNT ngừng hoạt động và đã đóng MST,0311985800
0,1,1800649765,CÔNG TY CP THÔNG TIN VÀ THẨM ĐỊNH GIÁ TÂY NAM BỘ,Cục Thuế Thành phố Cần Thơ,361847223,16/11/2021,NNT đang hoạt động (đã được cấp GCN ĐKT),1800649765
1,2,1800649765-001,CHI NHÁNH CÔNG TY CP THÔNG TIN VÀ THẨM ĐỊNH GIÁ TÂY NAM BỘ,Chi cục Thuế khu vực thành phố Thanh Hóa - Đông Sơn,0000000000,18/07/2019,NNT đang hoạt động (đã được cấp GCN ĐKT),1800649765
2,3,1800649765-002,CHI NHÁNH TẠI TP. HỒ CHÍ MINH CÔNG TY CỔ PHẦN THÔNG TIN VÀ THẨM ĐỊNH GIÁ TÂY NAM BỘ (TP. CẦN THƠ),Chi cục Thuế Quận 10,020072401,16/02/2012,NNT đang hoạt động (đã được cấp GCN ĐKT),1800649765
3,4,1800649765-003,CÔNG TY CP THÔNG TIN VÀ THẨM ĐỊNH GIÁ TÂY NAM BỘ - CHI NHÁNH VĨNH LONG,Chi cục Thuế khu vực I,361899853,25/08/2019,NNT không hoạt động tại địa chỉ đã đăng ký,1800649765
4,5,1800649765-005,VPĐD CTY CP THÔNG TIN VÀ THẨM ĐỊNH GIÁ TÂY NAM BỘ TẠI TỈNH TV,Cục Thuế Tỉnh Trà Vinh,361880626,09/04/2013,NNT ngừng hoạt động nhưng chưa hoàn thành thủ tục đóng MST,1800649765
5,6,1800649765-006,VPĐD CÔNG TY CP THÔNG TIN VÀ THẨM ĐỊNH GIÁ TÂY NAM BỘ TẠI TP SÓC TRĂNG TỈNH SÓC TRĂNG,Chi cục Thuế khu vực Thành phố Sóc Trăng,365104958,15/07/2019,NNT đang hoạt động (đã được cấp GCN ĐKT),1800649765
6,7,1800649765-007,VĂN PHÒNG ĐẠI DIỆN CÔNG TY CỔ PHẦN THÔNG TIN VÀ THẨM ĐỊNH GIÁ TÂY NAM BỘ TẠI TỈNH ĐỒNG THÁP,Chi cục Thuế khu vực 1,361665984,25/08/2019,NNT không hoạt động tại địa chỉ đã đăng ký,1800649765
7,8,1800649765-008,VĂN PHÒNG ĐẠI DIỆN CÔNG TY CỔ PHẦN THÔNG TIN VÀ THẨM ĐỊNH GIÁ TÂY NAM BỘ TẠI TỈNH BÌNH DƯƠNG.,Chi cục Thuế Thành phố Thủ Dầu Một,361792511,18/03/2013,NNT ngừng hoạt động và đã đóng MST,1800649765
8,9,1800649765-009,VĂN PHÒNG ĐẠI DIỆN ĐÀ LẠT - CÔNG TY CỔ PHẦN THÔNG TIN VÀ THẨM ĐỊNH GIÁ TÂY NAM BỘ,Cục Thuế Tỉnh Lâm Đồng,,25/08/2019,NNT không hoạt động tại địa chỉ đã đăng ký,1800649765
9,10,1800649765-010,CHI NHÁNH HÀ NỘI - CÔNG TY CỔ PHẦN THÔNG TIN VÀ THẨM ĐỊNH GIÁ TÂY NAM BỘ,Chi cục thuế Quận Hoàng Mai,361792511,16/10/2013,NNT ngừng hoạt động và đã đóng MST,1800649765
10,11,1800649765-012,VĂN PHÒNG ĐẠI DIỆN NHA TRANG - CÔNG TY CP THÔNG TIN VÀ THẨM ĐỊNH GIÁ TÂY NAM BỘ,Chi cục Thuế Thành phố Nha Trang,225135868,22/09/2022,NNT không hoạt động tại địa chỉ đã đăng ký,1800649765
11,12,1800649765-013,VĂN PHÒNG ĐẠI DIỆN - CÔNG TY CP THÔNG TIN VÀ THẨM ĐỊNH GIÁ TÂY NAM BỘ,Chi cục Thuế khu vực Long Thành - Nhơn Trạch,271353742,14/11/2011,NNT đang hoạt động (đã được cấp GCN ĐKT),1800649765
12,13,1800649765-014,VĂN PHÒNG ĐẠI DIỆN BẾN TRE - CÔNG TY CP THÔNG TIN VÀ THẨM ĐỊNH GIÁ TÂY NAM BỘ,Cục Thuế Tỉnh Bến Tre,361665984,09/05/2018,NNT đang hoạt động (đã được cấp GCN ĐKT),1800649765
13,14,1800649765-015,CHI NHÁNH CÔNG TY CỔ PHẦN THÔNG TIN VÀ THẨM ĐỊNH GIÁ TÂY NAM BỘ TẠI KIÊN GIANG,Chi cục Thuế Thành phố Rạch Giá,370827647,15/12/2022,NNT không hoạt động tại địa chỉ đã đăng ký,1800649765
14,15,1800649765-016,CHI NHÁNH CÔNG TY CP THÔNG TIN VÀ THẨM ĐỊNH GIÁ TÂY NAM BỘ TẠI CÀ MAU,Cục Thuế Tỉnh Cà Mau,361847223,16/03/2021,NNT đang hoạt động (đã được cấp GCN ĐKT),1800649765
0,1,0303873081,CÔNG TY TNHH THƯƠNG MẠI DỊCH VỤ MẶT TRỜI MỌC,Chi cục Thuế Quận 5,023069814,24/08/2019,NNT không hoạt động tại địa chỉ đã đăng ký,0303873081
0,1,0101331872,CÔNG TY TNHH BẢO PHƯƠNG HÀ NỘI,Chi cục Thuế Quận Hai Bà Trưng,031037000391,15/06/2022,NNT đang hoạt động (đã được cấp GCN ĐKT),0101331872
0,1,0309532916,CÔNG TY TNHH ĐẦU TƯ THƯƠNG MẠI DỊCH VỤ HOÀNG LONG,Chi cục Thuế Quận 8,351429390,31/05/2016,NNT ngừng hoạt động nhưng chưa hoàn thành thủ tục đóng MST,0309532916
0,1,3603746562,CÔNG TY TNHH NĂNG LƯỢNG THÙY DŨNG,Chi cục Thuế khu vực Trảng Bom - Thống Nhất,271232761,02/06/2022,NNT không hoạt động tại địa chỉ đã đăng ký,3603746562
0,1,0317967445,CÔNG TY TNHH ZÉ,Chi cục Thuế khu vực Quận 7 - huyện Nhà Bè,082076000205,01/06/2024,NNT tạm nghỉ kinh doanh có thời hạn,0317967445
0,1,0402201080,CÔNG TY CỔ PHẦN VIỆT MISSION,Chi cục Thuế Quận Hải Châu,048185008219,06/01/2024,NNT tạm nghỉ kinh doanh có thời hạn,0402201080
0,1,0901124829,CÔNG TY TNHH CHẾ BIẾN GỖ QUANG NGỌC,Chi cục Thuế khu vực Mỹ Hào - Văn Lâm,027090014712,17/07/2024,NNT đang hoạt động (đã được cấp GCN ĐKT),0901124829
0,1,3901248097,CÔNG TY TNHH MTV DV - TM - VT LAM LONG PHÁT,Chi cục Thuế khu vực Hòa Thành - Dương Minh Châu,072189003938,25/01/2021,NNT đang hoạt động (đã được cấp GCN ĐKT),3901248097
0,1,1702149482-001,CÔNG TY CỔ PHẦN KHAI THÁC KHOÁNG SẢN NHÂN HÒA PHÚ QUỐC CHI NHÁNH TRÀ VINH,Cục Thuế Tỉnh Trà Vinh,281397739,06/12/2023,NNT ngừng hoạt động nhưng chưa hoàn thành thủ tục đóng MST,1702149482-001
0,1,0107387462-001,CHI NHÁNH CÔNG TY CỔ PHẦN NHÂN LỰC TOÀN ĐÀI,Chi cục thuế Quận Tân phú,080178020466,27/02/2024,NNT đang hoạt động (đã được cấp GCN ĐKT),0107387462-001
0,1,0316012273,CÔNG TY TNHH ĐỊA ỐC BÌNH MINH LAND,Chi cục Thuế khu vực Quận 7 - huyện Nhà Bè,079181005228,30/09/2022,NNT đang hoạt động (đã được cấp GCN ĐKT),0316012273
0,1,1900345168,CÔNG TY TRÁCH NHIỆM HỮU HẠN SAO MAI,Chi cục Thuế khu vực Giá Rai - Đông Hải,095186000976,23/02/2022,NNT đang hoạt động (đã được cấp GCN ĐKT),1900345168
1,2,1900345168-001,CHI NHÁNH CÔNG TY TNHH SAO MAI,Chi cục Thuế khu vực II,385138399,22/08/2018,NNT ngừng hoạt động và đã đóng MST,1900345168
0,1,6400381142,CÔNG TY TNHH MỘT THÀNH VIÊN TUẤN TÀI ĐẮK NGO,Chi cục Thuế khu vực Đắk R'Lấp - Tuy Đức,245329047,26/01/2018,NNT đang hoạt động (đã được cấp GCN ĐKT),6400381142
0,1,1800632306,CÔNG TY CP XUẤT NHẬP KHẨU THỦY SẢN CẦN THƠ,Cục Thuế Thành phố Cần Thơ,086059000118,29/08/2023,NNT đang hoạt động (đã được cấp GCN ĐKT),1800632306
1,2,1800632306-001,CHI NHÁNH CTY CỔ PHẦN XNK THUỶ SẢN CẦN THƠ,Cục Thuế Tỉnh Trà Vinh,361421335,04/10/2015,NNT ngừng hoạt động và đã đóng MST,1800632306
2,3,1800632306-002,CHI NHÁNH CÔNG TY CP XUẤT NHẬP KHẨU THỦY SẢN CẦN THƠ - TRUNG TÂM GIỐNG VÀ KỸ THUẬT THỦY SẢN,Chi cục Thuế khu vực III,361247702,25/01/2014,NNT đang hoạt động (đã được cấp GCN ĐKT),1800632306
3,4,1800632306-003,CÔNG TY CP XUẤT NHẬP KHẨU THỦY SẢN CẦN THƠ - CHI NHÁNH THỦY SẢN ĐẠI NGÃI,Cục Thuế Tỉnh Sóc Trăng,094066013474,03/03/2022,NNT đang hoạt động (đã được cấp GCN ĐKT),1800632306
0,1,4401028426,CÔNG TY TRÁCH NHIỆM HỮU HẠN TRUYỀN THÔNG VÀ PHẦN MỀM XBOYMEDIA,Chi cục Thuế TP Tuy Hòa,221159176,02/05/2018,NNT ngừng hoạt động nhưng chưa hoàn thành thủ tục đóng MST,4401028426
0,1,3200355823,CÔNG TY TRÁCH NHIỆM HỮU HẠN MỘT THÀNH VIÊN HOÀNG LỘC,Chi cục Thuế khu vực Triệu Hải,197127900,14/01/2019,NNT đang hoạt động (đã được cấp GCN ĐKT),3200355823
0,1,0401924714,CÔNG TY TNHH MỘT THÀNH VIÊN F&B HƯNG GIA PHÁT,Chi cục Thuế khu vực Sơn Trà - Ngũ Hành Sơn,201374540,15/08/2022,NNT ngừng hoạt động và đã đóng MST,0401924714
0,1,4101619121,CÔNG TY TNHH XÂY DỰNG TỔNG HỢP H.A,Chi cục Thuế khu vực Hoài Nhơn - Hoài Ân - An Lão,052098006982,23/08/2022,NNT đang hoạt động (đã được cấp GCN ĐKT),4101619121
0,1,0900283230-001,CHI NHÁNH CÔNG TY CỔ PHẦN TRƯỜNG LỢI,Chi cục Thuế khu vực Gò Dầu - Trảng Bàng - Bến Cầu,145096355,18/02/2019,NNT ngừng hoạt động và đã đóng MST,0900283230-001
0,1,3200562227,CÔNG TY TRÁCH NHIỆM HỮU HẠN MỘT THÀNH VIÊN LB BẢO HÒA,Chi cục Thuế Huyện Hướng Hoá,197330037,14/01/2019,NNT đang hoạt động (đã được cấp GCN ĐKT),3200562227
0,1,0107438974,CÔNG TY CỔ PHẦN IQ HÀ NỘI,Chi cục Thuế Quận Nam Từ Liêm,142479993,22/01/2024,NNT đang hoạt động (đã được cấp GCN ĐKT),0107438974
1,2,0107438974-001,CÔNG TY CỔ PHẦN IQ HÀ NỘI CHI NHÁNH HẢI DƯƠNG,Chi cục Thuế khu vực Tứ Lộc,142477669,22/01/2024,NNT đang hoạt động (đã được cấp GCN ĐKT),0107438974
0,1,0314640988,CÔNG TY TNHH THƯƠNG MẠI DỊCH VỤ NÀNG THƠ,Chi cục thuế Quận Bình Tân,024872563,16/10/2020,NNT không hoạt động tại địa chỉ đã đăng ký,0314640988
0,1,2001264538,CÔNG TY TNHH THƯƠNG MẠI THỦY SẢN THẢO VY,Cục Thuế Tỉnh Cà Mau,096085018598,05/10/2022,NNT đang hoạt động (đã được cấp GCN ĐKT),2001264538
0,1,1101039157,CÔNG TY TNHH MỘT THÀNH VIÊN ANH THƯ,Chi cục Thuế khu vực Cần Giuộc - Cần Đước,300950133,12/09/2017,NNT đang hoạt động (đã được cấp GCN ĐKT),1101039157
1,2,1101039157-001,CÔNG TY TNHH MỘT THÀNH VIÊN ANH THƯ - CHI NHÁNH BÌNH DƯƠNG,Chi cục Thuế Thành phố Thủ Dầu Một,300950133,06/05/2022,NNT đang hoạt động (đã được cấp GCN ĐKT),1101039157
0,1,0313600573,CÔNG TY TNHH MỘT THÀNH VIÊN ANH HOÀNG YẾN,Chi cục thuế Quận Bình Tân,022340867,28/02/2017,NNT đang hoạt động (đã được cấp GCN ĐKT),0313600573
0,1,0104095905,CÔNG TY TNHH PHÁT TRIỂN THƯƠNG MẠI VÀ XÂY DỰNG HỒNG PHÚC,Chi cục Thuế khu vực Sóc Sơn - Mê Linh,011120607,13/10/2020,NNT không hoạt động tại địa chỉ đã đăng ký,0104095905
0,1,1101707943,CÔNG TY TNHH MỘT THÀNH VIÊN TƯ VẤN THIẾT KẾ XÂY DỰNG THƯƠNG MẠI B & A DESIGN,Chi cục Thuế khu vực Tân An - Thủ Thừa,080057003709,12/05/2022,NNT đang hoạt động (đã được cấp GCN ĐKT),1101707943
0,1,0314978664,CÔNG TY TNHH SẢN XUẤT - THƯƠNG MẠI - XUẤT NHẬP KHẨU BAO BÌ THIÊN NHIÊN,Cục Thuế Tỉnh Long An,036200004252,15/12/2022,NNT đang hoạt động (đã được cấp GCN ĐKT),0314978664
0,1,0301743425,CÔNG TY TNHH THƯƠNG MẠI VĂN HOA,Chi cục Thuế Quận 11,022820958,06/06/2014,NNT ngừng hoạt động nhưng chưa hoàn thành thủ tục đóng MST,0301743425
0,1,0308983578,CÔNG TY CỔ PHẦN DỊCH VỤ BẢO VỆ VÀ GIẢI PHÁP AN NINH LONG HẢI,Chi cục Thuế khu vực Quận 7 - huyện Nhà Bè,130766699,05/12/2022,NNT không hoạt động tại địa chỉ đã đăng ký,0308983578
1,2,0308983578-001,VĂN PHÒNG ĐẠI DIỆN CÔNG TY CỔ PHẦN DỊCH VỤ BẢO VỆ ĐẠI ĐÔ THÀNH,Chi cục Thuế khu vực Quận 7 - huyện Nhà Bè,024798225,05/12/2022,NNT không hoạt động tại địa chỉ đã đăng ký,0308983578
2,3,0308983578-002,CÔNG TY CỔ PHẦN DỊCH VỤ BẢO VỆ VÀ GIẢI PHÁP AN NINH LONG HẢI (CHI NHÁNH NHA TRANG),Chi cục Thuế Thành phố Nha Trang,225433277,25/05/2022,NNT không hoạt động tại địa chỉ đã đăng ký,0308983578
0,1,0313731590,CÔNG TY TNHH THƯƠNG MẠI VÀ DỊCH VỤ QUỐC TẾ VIỆT HÀN,Chi cục thuế Quận Tân phú,290856278,05/01/2024,NNT tạm nghỉ kinh doanh có thời hạn,0313731590
0,1,0314972479,CÔNG TY TNHH NGUYỄN TEUCHERN,Chi cục Thuế khu vực Quận 12 - huyện Hóc Môn,051177000221,29/03/2019,NNT ngừng hoạt động nhưng chưa hoàn thành thủ tục đóng MST,0314972479
0,1,1001230142,CÔNG TY TNHH HIỀN LỊCH,Chi cục Thuế khu vực thành phố Thái Bình - Vũ Thư,034195003581,05/12/2023,NNT đang hoạt động (đã được cấp GCN ĐKT),1001230142
0,1,0314016554,CÔNG TY TNHH THƯƠNG MẠI DỊCH VỤ ĐẦU TƯ TÂN HOÀNG KHẢI,Chi cục Thuế thành phố Thủ Đức,013644931,09/12/2022,NNT đang hoạt động (đã được cấp GCN ĐKT),0314016554
